question,answer
What is cardiovascular disease?,"Cardiovascular disease refers to a group of disorders of the heart and blood vessels including coronary artery disease, stroke, and hypertension."
What is a heart attack?,"A heart attack occurs when blood flow to a part of the heart muscle is blocked, usually due to a clot in a coronary artery."
What is blood pressure?,Blood pressure is the force of circulating blood pushing against the walls of arteries.
What is hypertension?,Hypertension is a condition where blood pressure is consistently higher than normal levels.
What is cholesterol?,Cholesterol is a fatty substance in the blood that is necessary for building cells but can increase heart disease risk when levels are high.
What is LDL cholesterol?,LDL cholesterol is known as bad cholesterol because it contributes to plaque buildup in arteries.
What is HDL cholesterol?,HDL cholesterol is known as good cholesterol because it helps remove excess cholesterol from the bloodstream.
What is a stroke?,A stroke occurs when blood flow to part of the brain is interrupted or reduced.
What are symptoms of heart disease?,"Common symptoms include chest pain, shortness of breath, fatigue, dizziness, and irregular heartbeat."
How can heart disease be prevented?,"Heart disease prevention includes healthy diet, regular exercise, avoiding smoking, and maintaining normal blood pressure."
Explain the role of coronary artery disease in cardiovascular health question 1,Coronary artery disease occurs when coronary arteries become narrowed or blocked due to plaque buildup.
Explain the role of myocardial infarction in cardiovascular health question 2,Myocardial infarction is another term for heart attack caused by interruption of blood supply to heart muscle.
Explain the role of arrhythmia in cardiovascular health question 3,"Arrhythmia refers to an abnormal heart rhythm where the heart may beat too fast, too slow, or irregularly."
Explain the role of angioplasty in cardiovascular health question 4,Angioplasty is a medical procedure used to open blocked coronary arteries using a balloon catheter.
Explain the role of stent in cardiovascular health question 5,A stent is a small mesh tube inserted into an artery to keep it open and improve blood flow.
Explain the role of echocardiography in cardiovascular health question 6,Echocardiography is an ultrasound imaging technique used to visualize heart structure and function.
Explain the role of electrocardiogram in cardiovascular health question 7,An electrocardiogram records the electrical activity of the heart and helps detect abnormalities.
Explain the role of metabolic syndrome in cardiovascular health question 8,"Metabolic syndrome is a cluster of conditions including obesity, hypertension, and insulin resistance that increase cardiovascular risk."
Explain the role of renin angiotensin aldosterone system in cardiovascular health question 9,The renin angiotensin aldosterone system regulates blood pressure and fluid balance in the body.
Explain the role of atherosclerosis in cardiovascular health question 10,Atherosclerosis is the buildup of fatty plaques inside artery walls that restrict blood flow and increase cardiovascular risk.
Explain the role of coronary artery disease in cardiovascular health question 11,Coronary artery disease occurs when coronary arteries become narrowed or blocked due to plaque buildup.
Explain the role of myocardial infarction in cardiovascular health question 12,Myocardial infarction is another term for heart attack caused by interruption of blood supply to heart muscle.
Explain the role of arrhythmia in cardiovascular health question 13,"Arrhythmia refers to an abnormal heart rhythm where the heart may beat too fast, too slow, or irregularly."
Explain the role of angioplasty in cardiovascular health question 14,Angioplasty is a medical procedure used to open blocked coronary arteries using a balloon catheter.
Explain the role of stent in cardiovascular health question 15,A stent is a small mesh tube inserted into an artery to keep it open and improve blood flow.
Explain the role of echocardiography in cardiovascular health question 16,Echocardiography is an ultrasound imaging technique used to visualize heart structure and function.
Explain the role of electrocardiogram in cardiovascular health question 17,An electrocardiogram records the electrical activity of the heart and helps detect abnormalities.
Explain the role of metabolic syndrome in cardiovascular health question 18,"Metabolic syndrome is a cluster of conditions including obesity, hypertension, and insulin resistance that increase cardiovascular risk."
Explain the role of renin angiotensin aldosterone system in cardiovascular health question 19,The renin angiotensin aldosterone system regulates blood pressure and fluid balance in the body.
Explain the role of atherosclerosis in cardiovascular health question 20,Atherosclerosis is the buildup of fatty plaques inside artery walls that restrict blood flow and increase cardiovascular risk.
Explain the role of coronary artery disease in cardiovascular health question 21,Coronary artery disease occurs when coronary arteries become narrowed or blocked due to plaque buildup.
Explain the role of myocardial infarction in cardiovascular health question 22,Myocardial infarction is another term for heart attack caused by interruption of blood supply to heart muscle.
Explain the role of arrhythmia in cardiovascular health question 23,"Arrhythmia refers to an abnormal heart rhythm where the heart may beat too fast, too slow, or irregularly."
Explain the role of angioplasty in cardiovascular health question 24,Angioplasty is a medical procedure used to open blocked coronary arteries using a balloon catheter.
Explain the role of stent in cardiovascular health question 25,A stent is a small mesh tube inserted into an artery to keep it open and improve blood flow.
Explain the role of echocardiography in cardiovascular health question 26,Echocardiography is an ultrasound imaging technique used to visualize heart structure and function.
Explain the role of electrocardiogram in cardiovascular health question 27,An electrocardiogram records the electrical activity of the heart and helps detect abnormalities.
Explain the role of metabolic syndrome in cardiovascular health question 28,"Metabolic syndrome is a cluster of conditions including obesity, hypertension, and insulin resistance that increase cardiovascular risk."
Explain the role of renin angiotensin aldosterone system in cardiovascular health question 29,The renin angiotensin aldosterone system regulates blood pressure and fluid balance in the body.
Explain the role of atherosclerosis in cardiovascular health question 30,Atherosclerosis is the buildup of fatty plaques inside artery walls that restrict blood flow and increase cardiovascular risk.
Explain the role of coronary artery disease in cardiovascular health question 31,Coronary artery disease occurs when coronary arteries become narrowed or blocked due to plaque buildup.
Explain the role of myocardial infarction in cardiovascular health question 32,Myocardial infarction is another term for heart attack caused by interruption of blood supply to heart muscle.
Explain the role of arrhythmia in cardiovascular health question 33,"Arrhythmia refers to an abnormal heart rhythm where the heart may beat too fast, too slow, or irregularly."
Explain the role of angioplasty in cardiovascular health question 34,Angioplasty is a medical procedure used to open blocked coronary arteries using a balloon catheter.
Explain the role of stent in cardiovascular health question 35,A stent is a small mesh tube inserted into an artery to keep it open and improve blood flow.
Explain the role of echocardiography in cardiovascular health question 36,Echocardiography is an ultrasound imaging technique used to visualize heart structure and function.
Explain the role of electrocardiogram in cardiovascular health question 37,An electrocardiogram records the electrical activity of the heart and helps detect abnormalities.
Explain the role of metabolic syndrome in cardiovascular health question 38,"Metabolic syndrome is a cluster of conditions including obesity, hypertension, and insulin resistance that increase cardiovascular risk."
Explain the role of renin angiotensin aldosterone system in cardiovascular health question 39,The renin angiotensin aldosterone system regulates blood pressure and fluid balance in the body.
Explain the role of atherosclerosis in cardiovascular health question 40,Atherosclerosis is the buildup of fatty plaques inside artery walls that restrict blood flow and increase cardiovascular risk.
Explain the role of coronary artery disease in cardiovascular health question 41,Coronary artery disease occurs when coronary arteries become narrowed or blocked due to plaque buildup.
Explain the role of myocardial infarction in cardiovascular health question 42,Myocardial infarction is another term for heart attack caused by interruption of blood supply to heart muscle.
Explain the role of arrhythmia in cardiovascular health question 43,"Arrhythmia refers to an abnormal heart rhythm where the heart may beat too fast, too slow, or irregularly."
Explain the role of angioplasty in cardiovascular health question 44,Angioplasty is a medical procedure used to open blocked coronary arteries using a balloon catheter.
Explain the role of stent in cardiovascular health question 45,A stent is a small mesh tube inserted into an artery to keep it open and improve blood flow.
Explain the role of echocardiography in cardiovascular health question 46,Echocardiography is an ultrasound imaging technique used to visualize heart structure and function.
Explain the role of electrocardiogram in cardiovascular health question 47,An electrocardiogram records the electrical activity of the heart and helps detect abnormalities.
Explain the role of metabolic syndrome in cardiovascular health question 48,"Metabolic syndrome is a cluster of conditions including obesity, hypertension, and insulin resistance that increase cardiovascular risk."
Explain the role of renin angiotensin aldosterone system in cardiovascular health question 49,The renin angiotensin aldosterone system regulates blood pressure and fluid balance in the body.
Explain the role of atherosclerosis in cardiovascular health question 50,Atherosclerosis is the buildup of fatty plaques inside artery walls that restrict blood flow and increase cardiovascular risk.
Explain the role of coronary artery disease in cardiovascular health question 51,Coronary artery disease occurs when coronary arteries become narrowed or blocked due to plaque buildup.
Explain the role of myocardial infarction in cardiovascular health question 52,Myocardial infarction is another term for heart attack caused by interruption of blood supply to heart muscle.
Explain the role of arrhythmia in cardiovascular health question 53,"Arrhythmia refers to an abnormal heart rhythm where the heart may beat too fast, too slow, or irregularly."
Explain the role of angioplasty in cardiovascular health question 54,Angioplasty is a medical procedure used to open blocked coronary arteries using a balloon catheter.
Explain the role of stent in cardiovascular health question 55,A stent is a small mesh tube inserted into an artery to keep it open and improve blood flow.
Explain the role of echocardiography in cardiovascular health question 56,Echocardiography is an ultrasound imaging technique used to visualize heart structure and function.
Explain the role of electrocardiogram in cardiovascular health question 57,An electrocardiogram records the electrical activity of the heart and helps detect abnormalities.
Explain the role of metabolic syndrome in cardiovascular health question 58,"Metabolic syndrome is a cluster of conditions including obesity, hypertension, and insulin resistance that increase cardiovascular risk."
Explain the role of renin angiotensin aldosterone system in cardiovascular health question 59,The renin angiotensin aldosterone system regulates blood pressure and fluid balance in the body.
Explain the role of atherosclerosis in cardiovascular health question 60,Atherosclerosis is the buildup of fatty plaques inside artery walls that restrict blood flow and increase cardiovascular risk.
Explain the role of coronary artery disease in cardiovascular health question 61,Coronary artery disease occurs when coronary arteries become narrowed or blocked due to plaque buildup.
Explain the role of myocardial infarction in cardiovascular health question 62,Myocardial infarction is another term for heart attack caused by interruption of blood supply to heart muscle.
Explain the role of arrhythmia in cardiovascular health question 63,"Arrhythmia refers to an abnormal heart rhythm where the heart may beat too fast, too slow, or irregularly."
Explain the role of angioplasty in cardiovascular health question 64,Angioplasty is a medical procedure used to open blocked coronary arteries using a balloon catheter.
Explain the role of stent in cardiovascular health question 65,A stent is a small mesh tube inserted into an artery to keep it open and improve blood flow.
Explain the role of echocardiography in cardiovascular health question 66,Echocardiography is an ultrasound imaging technique used to visualize heart structure and function.
Explain the role of electrocardiogram in cardiovascular health question 67,An electrocardiogram records the electrical activity of the heart and helps detect abnormalities.
Explain the role of metabolic syndrome in cardiovascular health question 68,"Metabolic syndrome is a cluster of conditions including obesity, hypertension, and insulin resistance that increase cardiovascular risk."
Explain the role of renin angiotensin aldosterone system in cardiovascular health question 69,The renin angiotensin aldosterone system regulates blood pressure and fluid balance in the body.
Explain the role of atherosclerosis in cardiovascular health question 70,Atherosclerosis is the buildup of fatty plaques inside artery walls that restrict blood flow and increase cardiovascular risk.
Explain the role of coronary artery disease in cardiovascular health question 71,Coronary artery disease occurs when coronary arteries become narrowed or blocked due to plaque buildup.
Explain the role of myocardial infarction in cardiovascular health question 72,Myocardial infarction is another term for heart attack caused by interruption of blood supply to heart muscle.
Explain the role of arrhythmia in cardiovascular health question 73,"Arrhythmia refers to an abnormal heart rhythm where the heart may beat too fast, too slow, or irregularly."
Explain the role of angioplasty in cardiovascular health question 74,Angioplasty is a medical procedure used to open blocked coronary arteries using a balloon catheter.
Explain the role of stent in cardiovascular health question 75,A stent is a small mesh tube inserted into an artery to keep it open and improve blood flow.
Explain the role of echocardiography in cardiovascular health question 76,Echocardiography is an ultrasound imaging technique used to visualize heart structure and function.
Explain the role of electrocardiogram in cardiovascular health question 77,An electrocardiogram records the electrical activity of the heart and helps detect abnormalities.
Explain the role of metabolic syndrome in cardiovascular health question 78,"Metabolic syndrome is a cluster of conditions including obesity, hypertension, and insulin resistance that increase cardiovascular risk."
Explain the role of renin angiotensin aldosterone system in cardiovascular health question 79,The renin angiotensin aldosterone system regulates blood pressure and fluid balance in the body.
Explain the role of atherosclerosis in cardiovascular health question 80,Atherosclerosis is the buildup of fatty plaques inside artery walls that restrict blood flow and increase cardiovascular risk.
Explain the role of coronary artery disease in cardiovascular health question 81,Coronary artery disease occurs when coronary arteries become narrowed or blocked due to plaque buildup.
Explain the role of myocardial infarction in cardiovascular health question 82,Myocardial infarction is another term for heart attack caused by interruption of blood supply to heart muscle.
Explain the role of arrhythmia in cardiovascular health question 83,"Arrhythmia refers to an abnormal heart rhythm where the heart may beat too fast, too slow, or irregularly."
Explain the role of angioplasty in cardiovascular health question 84,Angioplasty is a medical procedure used to open blocked coronary arteries using a balloon catheter.
Explain the role of stent in cardiovascular health question 85,A stent is a small mesh tube inserted into an artery to keep it open and improve blood flow.
Explain the role of echocardiography in cardiovascular health question 86,Echocardiography is an ultrasound imaging technique used to visualize heart structure and function.
Explain the role of electrocardiogram in cardiovascular health question 87,An electrocardiogram records the electrical activity of the heart and helps detect abnormalities.
Explain the role of metabolic syndrome in cardiovascular health question 88,"Metabolic syndrome is a cluster of conditions including obesity, hypertension, and insulin resistance that increase cardiovascular risk."
Explain the role of renin angiotensin aldosterone system in cardiovascular health question 89,The renin angiotensin aldosterone system regulates blood pressure and fluid balance in the body.
Explain the role of atherosclerosis in cardiovascular health question 90,Atherosclerosis is the buildup of fatty plaques inside artery walls that restrict blood flow and increase cardiovascular risk.
Explain the role of coronary artery disease in cardiovascular health question 91,Coronary artery disease occurs when coronary arteries become narrowed or blocked due to plaque buildup.
Explain the role of myocardial infarction in cardiovascular health question 92,Myocardial infarction is another term for heart attack caused by interruption of blood supply to heart muscle.
Explain the role of arrhythmia in cardiovascular health question 93,"Arrhythmia refers to an abnormal heart rhythm where the heart may beat too fast, too slow, or irregularly."
Explain the role of angioplasty in cardiovascular health question 94,Angioplasty is a medical procedure used to open blocked coronary arteries using a balloon catheter.
Explain the role of stent in cardiovascular health question 95,A stent is a small mesh tube inserted into an artery to keep it open and improve blood flow.
Explain the role of echocardiography in cardiovascular health question 96,Echocardiography is an ultrasound imaging technique used to visualize heart structure and function.
Explain the role of electrocardiogram in cardiovascular health question 97,An electrocardiogram records the electrical activity of the heart and helps detect abnormalities.
Explain the role of metabolic syndrome in cardiovascular health question 98,"Metabolic syndrome is a cluster of conditions including obesity, hypertension, and insulin resistance that increase cardiovascular risk."
Explain the role of renin angiotensin aldosterone system in cardiovascular health question 99,The renin angiotensin aldosterone system regulates blood pressure and fluid balance in the body.
Explain the role of atherosclerosis in cardiovascular health question 100,Atherosclerosis is the buildup of fatty plaques inside artery walls that restrict blood flow and increase cardiovascular risk.
Explain the role of coronary artery disease in cardiovascular health question 101,Coronary artery disease occurs when coronary arteries become narrowed or blocked due to plaque buildup.
Explain the role of myocardial infarction in cardiovascular health question 102,Myocardial infarction is another term for heart attack caused by interruption of blood supply to heart muscle.
Explain the role of arrhythmia in cardiovascular health question 103,"Arrhythmia refers to an abnormal heart rhythm where the heart may beat too fast, too slow, or irregularly."
Explain the role of angioplasty in cardiovascular health question 104,Angioplasty is a medical procedure used to open blocked coronary arteries using a balloon catheter.
Explain the role of stent in cardiovascular health question 105,A stent is a small mesh tube inserted into an artery to keep it open and improve blood flow.
Explain the role of echocardiography in cardiovascular health question 106,Echocardiography is an ultrasound imaging technique used to visualize heart structure and function.
Explain the role of electrocardiogram in cardiovascular health question 107,An electrocardiogram records the electrical activity of the heart and helps detect abnormalities.
Explain the role of metabolic syndrome in cardiovascular health question 108,"Metabolic syndrome is a cluster of conditions including obesity, hypertension, and insulin resistance that increase cardiovascular risk."
Explain the role of renin angiotensin aldosterone system in cardiovascular health question 109,The renin angiotensin aldosterone system regulates blood pressure and fluid balance in the body.
Explain the role of atherosclerosis in cardiovascular health question 110,Atherosclerosis is the buildup of fatty plaques inside artery walls that restrict blood flow and increase cardiovascular risk.
Explain the role of coronary artery disease in cardiovascular health question 111,Coronary artery disease occurs when coronary arteries become narrowed or blocked due to plaque buildup.
Explain the role of myocardial infarction in cardiovascular health question 112,Myocardial infarction is another term for heart attack caused by interruption of blood supply to heart muscle.
Explain the role of arrhythmia in cardiovascular health question 113,"Arrhythmia refers to an abnormal heart rhythm where the heart may beat too fast, too slow, or irregularly."
Explain the role of angioplasty in cardiovascular health question 114,Angioplasty is a medical procedure used to open blocked coronary arteries using a balloon catheter.
Explain the role of stent in cardiovascular health question 115,A stent is a small mesh tube inserted into an artery to keep it open and improve blood flow.
Explain the role of echocardiography in cardiovascular health question 116,Echocardiography is an ultrasound imaging technique used to visualize heart structure and function.
Explain the role of electrocardiogram in cardiovascular health question 117,An electrocardiogram records the electrical activity of the heart and helps detect abnormalities.
Explain the role of metabolic syndrome in cardiovascular health question 118,"Metabolic syndrome is a cluster of conditions including obesity, hypertension, and insulin resistance that increase cardiovascular risk."
Explain the role of renin angiotensin aldosterone system in cardiovascular health question 119,The renin angiotensin aldosterone system regulates blood pressure and fluid balance in the body.
Explain the role of atherosclerosis in cardiovascular health question 120,Atherosclerosis is the buildup of fatty plaques inside artery walls that restrict blood flow and increase cardiovascular risk.
Explain the role of coronary artery disease in cardiovascular health question 121,Coronary artery disease occurs when coronary arteries become narrowed or blocked due to plaque buildup.
Explain the role of myocardial infarction in cardiovascular health question 122,Myocardial infarction is another term for heart attack caused by interruption of blood supply to heart muscle.
Explain the role of arrhythmia in cardiovascular health question 123,"Arrhythmia refers to an abnormal heart rhythm where the heart may beat too fast, too slow, or irregularly."
Explain the role of angioplasty in cardiovascular health question 124,Angioplasty is a medical procedure used to open blocked coronary arteries using a balloon catheter.
Explain the role of stent in cardiovascular health question 125,A stent is a small mesh tube inserted into an artery to keep it open and improve blood flow.
Explain the role of echocardiography in cardiovascular health question 126,Echocardiography is an ultrasound imaging technique used to visualize heart structure and function.
Explain the role of electrocardiogram in cardiovascular health question 127,An electrocardiogram records the electrical activity of the heart and helps detect abnormalities.
Explain the role of metabolic syndrome in cardiovascular health question 128,"Metabolic syndrome is a cluster of conditions including obesity, hypertension, and insulin resistance that increase cardiovascular risk."
Explain the role of renin angiotensin aldosterone system in cardiovascular health question 129,The renin angiotensin aldosterone system regulates blood pressure and fluid balance in the body.
Explain the role of atherosclerosis in cardiovascular health question 130,Atherosclerosis is the buildup of fatty plaques inside artery walls that restrict blood flow and increase cardiovascular risk.
Explain the role of coronary artery disease in cardiovascular health question 131,Coronary artery disease occurs when coronary arteries become narrowed or blocked due to plaque buildup.
Explain the role of myocardial infarction in cardiovascular health question 132,Myocardial infarction is another term for heart attack caused by interruption of blood supply to heart muscle.
Explain the role of arrhythmia in cardiovascular health question 133,"Arrhythmia refers to an abnormal heart rhythm where the heart may beat too fast, too slow, or irregularly."
Explain the role of angioplasty in cardiovascular health question 134,Angioplasty is a medical procedure used to open blocked coronary arteries using a balloon catheter.
Explain the role of stent in cardiovascular health question 135,A stent is a small mesh tube inserted into an artery to keep it open and improve blood flow.
Explain the role of echocardiography in cardiovascular health question 136,Echocardiography is an ultrasound imaging technique used to visualize heart structure and function.
Explain the role of electrocardiogram in cardiovascular health question 137,An electrocardiogram records the electrical activity of the heart and helps detect abnormalities.
Explain the role of metabolic syndrome in cardiovascular health question 138,"Metabolic syndrome is a cluster of conditions including obesity, hypertension, and insulin resistance that increase cardiovascular risk."
Explain the role of renin angiotensin aldosterone system in cardiovascular health question 139,The renin angiotensin aldosterone system regulates blood pressure and fluid balance in the body.
Explain the role of atherosclerosis in cardiovascular health question 140,Atherosclerosis is the buildup of fatty plaques inside artery walls that restrict blood flow and increase cardiovascular risk.
Explain the role of coronary artery disease in cardiovascular health question 141,Coronary artery disease occurs when coronary arteries become narrowed or blocked due to plaque buildup.
Explain the role of myocardial infarction in cardiovascular health question 142,Myocardial infarction is another term for heart attack caused by interruption of blood supply to heart muscle.
Explain the role of arrhythmia in cardiovascular health question 143,"Arrhythmia refers to an abnormal heart rhythm where the heart may beat too fast, too slow, or irregularly."
Explain the role of angioplasty in cardiovascular health question 144,Angioplasty is a medical procedure used to open blocked coronary arteries using a balloon catheter.
Explain the role of stent in cardiovascular health question 145,A stent is a small mesh tube inserted into an artery to keep it open and improve blood flow.
Explain the role of echocardiography in cardiovascular health question 146,Echocardiography is an ultrasound imaging technique used to visualize heart structure and function.
Explain the role of electrocardiogram in cardiovascular health question 147,An electrocardiogram records the electrical activity of the heart and helps detect abnormalities.
Explain the role of metabolic syndrome in cardiovascular health question 148,"Metabolic syndrome is a cluster of conditions including obesity, hypertension, and insulin resistance that increase cardiovascular risk."
Explain the role of renin angiotensin aldosterone system in cardiovascular health question 149,The renin angiotensin aldosterone system regulates blood pressure and fluid balance in the body.
Explain the role of atherosclerosis in cardiovascular health question 150,Atherosclerosis is the buildup of fatty plaques inside artery walls that restrict blood flow and increase cardiovascular risk.
Explain the role of coronary artery disease in cardiovascular health question 151,Coronary artery disease occurs when coronary arteries become narrowed or blocked due to plaque buildup.
Explain the role of myocardial infarction in cardiovascular health question 152,Myocardial infarction is another term for heart attack caused by interruption of blood supply to heart muscle.
Explain the role of arrhythmia in cardiovascular health question 153,"Arrhythmia refers to an abnormal heart rhythm where the heart may beat too fast, too slow, or irregularly."
Explain the role of angioplasty in cardiovascular health question 154,Angioplasty is a medical procedure used to open blocked coronary arteries using a balloon catheter.
Explain the role of stent in cardiovascular health question 155,A stent is a small mesh tube inserted into an artery to keep it open and improve blood flow.
Explain the role of echocardiography in cardiovascular health question 156,Echocardiography is an ultrasound imaging technique used to visualize heart structure and function.
Explain the role of electrocardiogram in cardiovascular health question 157,An electrocardiogram records the electrical activity of the heart and helps detect abnormalities.
Explain the role of metabolic syndrome in cardiovascular health question 158,"Metabolic syndrome is a cluster of conditions including obesity, hypertension, and insulin resistance that increase cardiovascular risk."
Explain the role of renin angiotensin aldosterone system in cardiovascular health question 159,The renin angiotensin aldosterone system regulates blood pressure and fluid balance in the body.
Explain the role of atherosclerosis in cardiovascular health question 160,Atherosclerosis is the buildup of fatty plaques inside artery walls that restrict blood flow and increase cardiovascular risk.
Explain the role of coronary artery disease in cardiovascular health question 161,Coronary artery disease occurs when coronary arteries become narrowed or blocked due to plaque buildup.
Explain the role of myocardial infarction in cardiovascular health question 162,Myocardial infarction is another term for heart attack caused by interruption of blood supply to heart muscle.
Explain the role of arrhythmia in cardiovascular health question 163,"Arrhythmia refers to an abnormal heart rhythm where the heart may beat too fast, too slow, or irregularly."
Explain the role of angioplasty in cardiovascular health question 164,Angioplasty is a medical procedure used to open blocked coronary arteries using a balloon catheter.
Explain the role of stent in cardiovascular health question 165,A stent is a small mesh tube inserted into an artery to keep it open and improve blood flow.
Explain the role of echocardiography in cardiovascular health question 166,Echocardiography is an ultrasound imaging technique used to visualize heart structure and function.
Explain the role of electrocardiogram in cardiovascular health question 167,An electrocardiogram records the electrical activity of the heart and helps detect abnormalities.
Explain the role of metabolic syndrome in cardiovascular health question 168,"Metabolic syndrome is a cluster of conditions including obesity, hypertension, and insulin resistance that increase cardiovascular risk."
Explain the role of renin angiotensin aldosterone system in cardiovascular health question 169,The renin angiotensin aldosterone system regulates blood pressure and fluid balance in the body.
Explain the role of atherosclerosis in cardiovascular health question 170,Atherosclerosis is the buildup of fatty plaques inside artery walls that restrict blood flow and increase cardiovascular risk.
Explain the role of coronary artery disease in cardiovascular health question 171,Coronary artery disease occurs when coronary arteries become narrowed or blocked due to plaque buildup.
Explain the role of myocardial infarction in cardiovascular health question 172,Myocardial infarction is another term for heart attack caused by interruption of blood supply to heart muscle.
Explain the role of arrhythmia in cardiovascular health question 173,"Arrhythmia refers to an abnormal heart rhythm where the heart may beat too fast, too slow, or irregularly."
Explain the role of angioplasty in cardiovascular health question 174,Angioplasty is a medical procedure used to open blocked coronary arteries using a balloon catheter.
Explain the role of stent in cardiovascular health question 175,A stent is a small mesh tube inserted into an artery to keep it open and improve blood flow.
Explain the role of echocardiography in cardiovascular health question 176,Echocardiography is an ultrasound imaging technique used to visualize heart structure and function.
Explain the role of electrocardiogram in cardiovascular health question 177,An electrocardiogram records the electrical activity of the heart and helps detect abnormalities.
Explain the role of metabolic syndrome in cardiovascular health question 178,"Metabolic syndrome is a cluster of conditions including obesity, hypertension, and insulin resistance that increase cardiovascular risk."
Explain the role of renin angiotensin aldosterone system in cardiovascular health question 179,The renin angiotensin aldosterone system regulates blood pressure and fluid balance in the body.
Explain the role of atherosclerosis in cardiovascular health question 180,Atherosclerosis is the buildup of fatty plaques inside artery walls that restrict blood flow and increase cardiovascular risk.
Explain the role of coronary artery disease in cardiovascular health question 181,Coronary artery disease occurs when coronary arteries become narrowed or blocked due to plaque buildup.
Explain the role of myocardial infarction in cardiovascular health question 182,Myocardial infarction is another term for heart attack caused by interruption of blood supply to heart muscle.
Explain the role of arrhythmia in cardiovascular health question 183,"Arrhythmia refers to an abnormal heart rhythm where the heart may beat too fast, too slow, or irregularly."
Explain the role of angioplasty in cardiovascular health question 184,Angioplasty is a medical procedure used to open blocked coronary arteries using a balloon catheter.
Explain the role of stent in cardiovascular health question 185,A stent is a small mesh tube inserted into an artery to keep it open and improve blood flow.
Explain the role of echocardiography in cardiovascular health question 186,Echocardiography is an ultrasound imaging technique used to visualize heart structure and function.
Explain the role of electrocardiogram in cardiovascular health question 187,An electrocardiogram records the electrical activity of the heart and helps detect abnormalities.
Explain the role of metabolic syndrome in cardiovascular health question 188,"Metabolic syndrome is a cluster of conditions including obesity, hypertension, and insulin resistance that increase cardiovascular risk."
Explain the role of renin angiotensin aldosterone system in cardiovascular health question 189,The renin angiotensin aldosterone system regulates blood pressure and fluid balance in the body.
Explain the role of atherosclerosis in cardiovascular health question 190,Atherosclerosis is the buildup of fatty plaques inside artery walls that restrict blood flow and increase cardiovascular risk.
Explain the role of coronary artery disease in cardiovascular health question 191,Coronary artery disease occurs when coronary arteries become narrowed or blocked due to plaque buildup.
Explain the role of myocardial infarction in cardiovascular health question 192,Myocardial infarction is another term for heart attack caused by interruption of blood supply to heart muscle.
Explain the role of arrhythmia in cardiovascular health question 193,"Arrhythmia refers to an abnormal heart rhythm where the heart may beat too fast, too slow, or irregularly."
Explain the role of angioplasty in cardiovascular health question 194,Angioplasty is a medical procedure used to open blocked coronary arteries using a balloon catheter.
Explain the role of stent in cardiovascular health question 195,A stent is a small mesh tube inserted into an artery to keep it open and improve blood flow.
Explain the role of echocardiography in cardiovascular health question 196,Echocardiography is an ultrasound imaging technique used to visualize heart structure and function.
Explain the role of electrocardiogram in cardiovascular health question 197,An electrocardiogram records the electrical activity of the heart and helps detect abnormalities.
Explain the role of metabolic syndrome in cardiovascular health question 198,"Metabolic syndrome is a cluster of conditions including obesity, hypertension, and insulin resistance that increase cardiovascular risk."
Explain the role of renin angiotensin aldosterone system in cardiovascular health question 199,The renin angiotensin aldosterone system regulates blood pressure and fluid balance in the body.
Explain the role of atherosclerosis in cardiovascular health question 200,Atherosclerosis is the buildup of fatty plaques inside artery walls that restrict blood flow and increase cardiovascular risk.
Explain the role of coronary artery disease in cardiovascular health question 201,Coronary artery disease occurs when coronary arteries become narrowed or blocked due to plaque buildup.
Explain the role of myocardial infarction in cardiovascular health question 202,Myocardial infarction is another term for heart attack caused by interruption of blood supply to heart muscle.
Explain the role of arrhythmia in cardiovascular health question 203,"Arrhythmia refers to an abnormal heart rhythm where the heart may beat too fast, too slow, or irregularly."
Explain the role of angioplasty in cardiovascular health question 204,Angioplasty is a medical procedure used to open blocked coronary arteries using a balloon catheter.
Explain the role of stent in cardiovascular health question 205,A stent is a small mesh tube inserted into an artery to keep it open and improve blood flow.
Explain the role of echocardiography in cardiovascular health question 206,Echocardiography is an ultrasound imaging technique used to visualize heart structure and function.
Explain the role of electrocardiogram in cardiovascular health question 207,An electrocardiogram records the electrical activity of the heart and helps detect abnormalities.
Explain the role of metabolic syndrome in cardiovascular health question 208,"Metabolic syndrome is a cluster of conditions including obesity, hypertension, and insulin resistance that increase cardiovascular risk."
Explain the role of renin angiotensin aldosterone system in cardiovascular health question 209,The renin angiotensin aldosterone system regulates blood pressure and fluid balance in the body.
Explain the role of atherosclerosis in cardiovascular health question 210,Atherosclerosis is the buildup of fatty plaques inside artery walls that restrict blood flow and increase cardiovascular risk.
Explain the role of coronary artery disease in cardiovascular health question 211,Coronary artery disease occurs when coronary arteries become narrowed or blocked due to plaque buildup.
Explain the role of myocardial infarction in cardiovascular health question 212,Myocardial infarction is another term for heart attack caused by interruption of blood supply to heart muscle.
Explain the role of arrhythmia in cardiovascular health question 213,"Arrhythmia refers to an abnormal heart rhythm where the heart may beat too fast, too slow, or irregularly."
Explain the role of angioplasty in cardiovascular health question 214,Angioplasty is a medical procedure used to open blocked coronary arteries using a balloon catheter.
Explain the role of stent in cardiovascular health question 215,A stent is a small mesh tube inserted into an artery to keep it open and improve blood flow.
Explain the role of echocardiography in cardiovascular health question 216,Echocardiography is an ultrasound imaging technique used to visualize heart structure and function.
Explain the role of electrocardiogram in cardiovascular health question 217,An electrocardiogram records the electrical activity of the heart and helps detect abnormalities.
Explain the role of metabolic syndrome in cardiovascular health question 218,"Metabolic syndrome is a cluster of conditions including obesity, hypertension, and insulin resistance that increase cardiovascular risk."
Explain the role of renin angiotensin aldosterone system in cardiovascular health question 219,The renin angiotensin aldosterone system regulates blood pressure and fluid balance in the body.
Explain the role of atherosclerosis in cardiovascular health question 220,Atherosclerosis is the buildup of fatty plaques inside artery walls that restrict blood flow and increase cardiovascular risk.
Explain the role of coronary artery disease in cardiovascular health question 221,Coronary artery disease occurs when coronary arteries become narrowed or blocked due to plaque buildup.
Explain the role of myocardial infarction in cardiovascular health question 222,Myocardial infarction is another term for heart attack caused by interruption of blood supply to heart muscle.
Explain the role of arrhythmia in cardiovascular health question 223,"Arrhythmia refers to an abnormal heart rhythm where the heart may beat too fast, too slow, or irregularly."
Explain the role of angioplasty in cardiovascular health question 224,Angioplasty is a medical procedure used to open blocked coronary arteries using a balloon catheter.
Explain the role of stent in cardiovascular health question 225,A stent is a small mesh tube inserted into an artery to keep it open and improve blood flow.
Explain the role of echocardiography in cardiovascular health question 226,Echocardiography is an ultrasound imaging technique used to visualize heart structure and function.
Explain the role of electrocardiogram in cardiovascular health question 227,An electrocardiogram records the electrical activity of the heart and helps detect abnormalities.
Explain the role of metabolic syndrome in cardiovascular health question 228,"Metabolic syndrome is a cluster of conditions including obesity, hypertension, and insulin resistance that increase cardiovascular risk."
Explain the role of renin angiotensin aldosterone system in cardiovascular health question 229,The renin angiotensin aldosterone system regulates blood pressure and fluid balance in the body.
Explain the role of atherosclerosis in cardiovascular health question 230,Atherosclerosis is the buildup of fatty plaques inside artery walls that restrict blood flow and increase cardiovascular risk.
Explain the role of coronary artery disease in cardiovascular health question 231,Coronary artery disease occurs when coronary arteries become narrowed or blocked due to plaque buildup.
Explain the role of myocardial infarction in cardiovascular health question 232,Myocardial infarction is another term for heart attack caused by interruption of blood supply to heart muscle.
Explain the role of arrhythmia in cardiovascular health question 233,"Arrhythmia refers to an abnormal heart rhythm where the heart may beat too fast, too slow, or irregularly."
Explain the role of angioplasty in cardiovascular health question 234,Angioplasty is a medical procedure used to open blocked coronary arteries using a balloon catheter.
Explain the role of stent in cardiovascular health question 235,A stent is a small mesh tube inserted into an artery to keep it open and improve blood flow.
Explain the role of echocardiography in cardiovascular health question 236,Echocardiography is an ultrasound imaging technique used to visualize heart structure and function.
Explain the role of electrocardiogram in cardiovascular health question 237,An electrocardiogram records the electrical activity of the heart and helps detect abnormalities.
Explain the role of metabolic syndrome in cardiovascular health question 238,"Metabolic syndrome is a cluster of conditions including obesity, hypertension, and insulin resistance that increase cardiovascular risk."
Explain the role of renin angiotensin aldosterone system in cardiovascular health question 239,The renin angiotensin aldosterone system regulates blood pressure and fluid balance in the body.
Explain the role of atherosclerosis in cardiovascular health question 240,Atherosclerosis is the buildup of fatty plaques inside artery walls that restrict blood flow and increase cardiovascular risk.
Explain the role of coronary artery disease in cardiovascular health question 241,Coronary artery disease occurs when coronary arteries become narrowed or blocked due to plaque buildup.
Explain the role of myocardial infarction in cardiovascular health question 242,Myocardial infarction is another term for heart attack caused by interruption of blood supply to heart muscle.
Explain the role of arrhythmia in cardiovascular health question 243,"Arrhythmia refers to an abnormal heart rhythm where the heart may beat too fast, too slow, or irregularly."
Explain the role of angioplasty in cardiovascular health question 244,Angioplasty is a medical procedure used to open blocked coronary arteries using a balloon catheter.
Explain the role of stent in cardiovascular health question 245,A stent is a small mesh tube inserted into an artery to keep it open and improve blood flow.
Explain the role of echocardiography in cardiovascular health question 246,Echocardiography is an ultrasound imaging technique used to visualize heart structure and function.
Explain the role of electrocardiogram in cardiovascular health question 247,An electrocardiogram records the electrical activity of the heart and helps detect abnormalities.
Explain the role of metabolic syndrome in cardiovascular health question 248,"Metabolic syndrome is a cluster of conditions including obesity, hypertension, and insulin resistance that increase cardiovascular risk."
Explain the role of renin angiotensin aldosterone system in cardiovascular health question 249,The renin angiotensin aldosterone system regulates blood pressure and fluid balance in the body.
Explain the role of atherosclerosis in cardiovascular health question 250,Atherosclerosis is the buildup of fatty plaques inside artery walls that restrict blood flow and increase cardiovascular risk.
Explain the role of coronary artery disease in cardiovascular health question 251,Coronary artery disease occurs when coronary arteries become narrowed or blocked due to plaque buildup.
Explain the role of myocardial infarction in cardiovascular health question 252,Myocardial infarction is another term for heart attack caused by interruption of blood supply to heart muscle.
Explain the role of arrhythmia in cardiovascular health question 253,"Arrhythmia refers to an abnormal heart rhythm where the heart may beat too fast, too slow, or irregularly."
Explain the role of angioplasty in cardiovascular health question 254,Angioplasty is a medical procedure used to open blocked coronary arteries using a balloon catheter.
Explain the role of stent in cardiovascular health question 255,A stent is a small mesh tube inserted into an artery to keep it open and improve blood flow.
Explain the role of echocardiography in cardiovascular health question 256,Echocardiography is an ultrasound imaging technique used to visualize heart structure and function.
Explain the role of electrocardiogram in cardiovascular health question 257,An electrocardiogram records the electrical activity of the heart and helps detect abnormalities.
Explain the role of metabolic syndrome in cardiovascular health question 258,"Metabolic syndrome is a cluster of conditions including obesity, hypertension, and insulin resistance that increase cardiovascular risk."
Explain the role of renin angiotensin aldosterone system in cardiovascular health question 259,The renin angiotensin aldosterone system regulates blood pressure and fluid balance in the body.
Explain the role of atherosclerosis in cardiovascular health question 260,Atherosclerosis is the buildup of fatty plaques inside artery walls that restrict blood flow and increase cardiovascular risk.
Explain the role of coronary artery disease in cardiovascular health question 261,Coronary artery disease occurs when coronary arteries become narrowed or blocked due to plaque buildup.
Explain the role of myocardial infarction in cardiovascular health question 262,Myocardial infarction is another term for heart attack caused by interruption of blood supply to heart muscle.
Explain the role of arrhythmia in cardiovascular health question 263,"Arrhythmia refers to an abnormal heart rhythm where the heart may beat too fast, too slow, or irregularly."
Explain the role of angioplasty in cardiovascular health question 264,Angioplasty is a medical procedure used to open blocked coronary arteries using a balloon catheter.
Explain the role of stent in cardiovascular health question 265,A stent is a small mesh tube inserted into an artery to keep it open and improve blood flow.
Explain the role of echocardiography in cardiovascular health question 266,Echocardiography is an ultrasound imaging technique used to visualize heart structure and function.
Explain the role of electrocardiogram in cardiovascular health question 267,An electrocardiogram records the electrical activity of the heart and helps detect abnormalities.
Explain the role of metabolic syndrome in cardiovascular health question 268,"Metabolic syndrome is a cluster of conditions including obesity, hypertension, and insulin resistance that increase cardiovascular risk."
Explain the role of renin angiotensin aldosterone system in cardiovascular health question 269,The renin angiotensin aldosterone system regulates blood pressure and fluid balance in the body.
Explain the role of atherosclerosis in cardiovascular health question 270,Atherosclerosis is the buildup of fatty plaques inside artery walls that restrict blood flow and increase cardiovascular risk.
Explain the role of coronary artery disease in cardiovascular health question 271,Coronary artery disease occurs when coronary arteries become narrowed or blocked due to plaque buildup.
Explain the role of myocardial infarction in cardiovascular health question 272,Myocardial infarction is another term for heart attack caused by interruption of blood supply to heart muscle.
Explain the role of arrhythmia in cardiovascular health question 273,"Arrhythmia refers to an abnormal heart rhythm where the heart may beat too fast, too slow, or irregularly."
Explain the role of angioplasty in cardiovascular health question 274,Angioplasty is a medical procedure used to open blocked coronary arteries using a balloon catheter.
Explain the role of stent in cardiovascular health question 275,A stent is a small mesh tube inserted into an artery to keep it open and improve blood flow.
Explain the role of echocardiography in cardiovascular health question 276,Echocardiography is an ultrasound imaging technique used to visualize heart structure and function.
Explain the role of electrocardiogram in cardiovascular health question 277,An electrocardiogram records the electrical activity of the heart and helps detect abnormalities.
Explain the role of metabolic syndrome in cardiovascular health question 278,"Metabolic syndrome is a cluster of conditions including obesity, hypertension, and insulin resistance that increase cardiovascular risk."
Explain the role of renin angiotensin aldosterone system in cardiovascular health question 279,The renin angiotensin aldosterone system regulates blood pressure and fluid balance in the body.
Explain the role of atherosclerosis in cardiovascular health question 280,Atherosclerosis is the buildup of fatty plaques inside artery walls that restrict blood flow and increase cardiovascular risk.
Explain the role of coronary artery disease in cardiovascular health question 281,Coronary artery disease occurs when coronary arteries become narrowed or blocked due to plaque buildup.
Explain the role of myocardial infarction in cardiovascular health question 282,Myocardial infarction is another term for heart attack caused by interruption of blood supply to heart muscle.
Explain the role of arrhythmia in cardiovascular health question 283,"Arrhythmia refers to an abnormal heart rhythm where the heart may beat too fast, too slow, or irregularly."
Explain the role of angioplasty in cardiovascular health question 284,Angioplasty is a medical procedure used to open blocked coronary arteries using a balloon catheter.
Explain the role of stent in cardiovascular health question 285,A stent is a small mesh tube inserted into an artery to keep it open and improve blood flow.
Explain the role of echocardiography in cardiovascular health question 286,Echocardiography is an ultrasound imaging technique used to visualize heart structure and function.
Explain the role of electrocardiogram in cardiovascular health question 287,An electrocardiogram records the electrical activity of the heart and helps detect abnormalities.
Explain the role of metabolic syndrome in cardiovascular health question 288,"Metabolic syndrome is a cluster of conditions including obesity, hypertension, and insulin resistance that increase cardiovascular risk."
Explain the role of renin angiotensin aldosterone system in cardiovascular health question 289,The renin angiotensin aldosterone system regulates blood pressure and fluid balance in the body.
Explain the role of atherosclerosis in cardiovascular health question 290,Atherosclerosis is the buildup of fatty plaques inside artery walls that restrict blood flow and increase cardiovascular risk.
Explain the role of coronary artery disease in cardiovascular health question 291,Coronary artery disease occurs when coronary arteries become narrowed or blocked due to plaque buildup.
Explain the role of myocardial infarction in cardiovascular health question 292,Myocardial infarction is another term for heart attack caused by interruption of blood supply to heart muscle.
Explain the role of arrhythmia in cardiovascular health question 293,"Arrhythmia refers to an abnormal heart rhythm where the heart may beat too fast, too slow, or irregularly."
Explain the role of angioplasty in cardiovascular health question 294,Angioplasty is a medical procedure used to open blocked coronary arteries using a balloon catheter.
Explain the role of stent in cardiovascular health question 295,A stent is a small mesh tube inserted into an artery to keep it open and improve blood flow.
Explain the role of echocardiography in cardiovascular health question 296,Echocardiography is an ultrasound imaging technique used to visualize heart structure and function.
Explain the role of electrocardiogram in cardiovascular health question 297,An electrocardiogram records the electrical activity of the heart and helps detect abnormalities.
Explain the role of metabolic syndrome in cardiovascular health question 298,"Metabolic syndrome is a cluster of conditions including obesity, hypertension, and insulin resistance that increase cardiovascular risk."
Explain the role of renin angiotensin aldosterone system in cardiovascular health question 299,The renin angiotensin aldosterone system regulates blood pressure and fluid balance in the body.
Explain the role of atherosclerosis in cardiovascular health question 300,Atherosclerosis is the buildup of fatty plaques inside artery walls that restrict blood flow and increase cardiovascular risk.
Explain the role of coronary artery disease in cardiovascular health question 301,Coronary artery disease occurs when coronary arteries become narrowed or blocked due to plaque buildup.
Explain the role of myocardial infarction in cardiovascular health question 302,Myocardial infarction is another term for heart attack caused by interruption of blood supply to heart muscle.
Explain the role of arrhythmia in cardiovascular health question 303,"Arrhythmia refers to an abnormal heart rhythm where the heart may beat too fast, too slow, or irregularly."
Explain the role of angioplasty in cardiovascular health question 304,Angioplasty is a medical procedure used to open blocked coronary arteries using a balloon catheter.
Explain the role of stent in cardiovascular health question 305,A stent is a small mesh tube inserted into an artery to keep it open and improve blood flow.
Explain the role of echocardiography in cardiovascular health question 306,Echocardiography is an ultrasound imaging technique used to visualize heart structure and function.
Explain the role of electrocardiogram in cardiovascular health question 307,An electrocardiogram records the electrical activity of the heart and helps detect abnormalities.
Explain the role of metabolic syndrome in cardiovascular health question 308,"Metabolic syndrome is a cluster of conditions including obesity, hypertension, and insulin resistance that increase cardiovascular risk."
Explain the role of renin angiotensin aldosterone system in cardiovascular health question 309,The renin angiotensin aldosterone system regulates blood pressure and fluid balance in the body.
Explain the role of atherosclerosis in cardiovascular health question 310,Atherosclerosis is the buildup of fatty plaques inside artery walls that restrict blood flow and increase cardiovascular risk.
Explain the role of coronary artery disease in cardiovascular health question 311,Coronary artery disease occurs when coronary arteries become narrowed or blocked due to plaque buildup.
Explain the role of myocardial infarction in cardiovascular health question 312,Myocardial infarction is another term for heart attack caused by interruption of blood supply to heart muscle.
Explain the role of arrhythmia in cardiovascular health question 313,"Arrhythmia refers to an abnormal heart rhythm where the heart may beat too fast, too slow, or irregularly."
Explain the role of angioplasty in cardiovascular health question 314,Angioplasty is a medical procedure used to open blocked coronary arteries using a balloon catheter.
Explain the role of stent in cardiovascular health question 315,A stent is a small mesh tube inserted into an artery to keep it open and improve blood flow.
Explain the role of echocardiography in cardiovascular health question 316,Echocardiography is an ultrasound imaging technique used to visualize heart structure and function.
Explain the role of electrocardiogram in cardiovascular health question 317,An electrocardiogram records the electrical activity of the heart and helps detect abnormalities.
Explain the role of metabolic syndrome in cardiovascular health question 318,"Metabolic syndrome is a cluster of conditions including obesity, hypertension, and insulin resistance that increase cardiovascular risk."
Explain the role of renin angiotensin aldosterone system in cardiovascular health question 319,The renin angiotensin aldosterone system regulates blood pressure and fluid balance in the body.
Explain the role of atherosclerosis in cardiovascular health question 320,Atherosclerosis is the buildup of fatty plaques inside artery walls that restrict blood flow and increase cardiovascular risk.
Explain the role of coronary artery disease in cardiovascular health question 321,Coronary artery disease occurs when coronary arteries become narrowed or blocked due to plaque buildup.
Explain the role of myocardial infarction in cardiovascular health question 322,Myocardial infarction is another term for heart attack caused by interruption of blood supply to heart muscle.
Explain the role of arrhythmia in cardiovascular health question 323,"Arrhythmia refers to an abnormal heart rhythm where the heart may beat too fast, too slow, or irregularly."
Explain the role of angioplasty in cardiovascular health question 324,Angioplasty is a medical procedure used to open blocked coronary arteries using a balloon catheter.
Explain the role of stent in cardiovascular health question 325,A stent is a small mesh tube inserted into an artery to keep it open and improve blood flow.
Explain the role of echocardiography in cardiovascular health question 326,Echocardiography is an ultrasound imaging technique used to visualize heart structure and function.
Explain the role of electrocardiogram in cardiovascular health question 327,An electrocardiogram records the electrical activity of the heart and helps detect abnormalities.
Explain the role of metabolic syndrome in cardiovascular health question 328,"Metabolic syndrome is a cluster of conditions including obesity, hypertension, and insulin resistance that increase cardiovascular risk."
Explain the role of renin angiotensin aldosterone system in cardiovascular health question 329,The renin angiotensin aldosterone system regulates blood pressure and fluid balance in the body.
Explain the role of atherosclerosis in cardiovascular health question 330,Atherosclerosis is the buildup of fatty plaques inside artery walls that restrict blood flow and increase cardiovascular risk.
Explain the role of coronary artery disease in cardiovascular health question 331,Coronary artery disease occurs when coronary arteries become narrowed or blocked due to plaque buildup.
Explain the role of myocardial infarction in cardiovascular health question 332,Myocardial infarction is another term for heart attack caused by interruption of blood supply to heart muscle.
Explain the role of arrhythmia in cardiovascular health question 333,"Arrhythmia refers to an abnormal heart rhythm where the heart may beat too fast, too slow, or irregularly."
Explain the role of angioplasty in cardiovascular health question 334,Angioplasty is a medical procedure used to open blocked coronary arteries using a balloon catheter.
Explain the role of stent in cardiovascular health question 335,A stent is a small mesh tube inserted into an artery to keep it open and improve blood flow.
Explain the role of echocardiography in cardiovascular health question 336,Echocardiography is an ultrasound imaging technique used to visualize heart structure and function.
Explain the role of electrocardiogram in cardiovascular health question 337,An electrocardiogram records the electrical activity of the heart and helps detect abnormalities.
Explain the role of metabolic syndrome in cardiovascular health question 338,"Metabolic syndrome is a cluster of conditions including obesity, hypertension, and insulin resistance that increase cardiovascular risk."
Explain the role of renin angiotensin aldosterone system in cardiovascular health question 339,The renin angiotensin aldosterone system regulates blood pressure and fluid balance in the body.
Explain the role of atherosclerosis in cardiovascular health question 340,Atherosclerosis is the buildup of fatty plaques inside artery walls that restrict blood flow and increase cardiovascular risk.
Explain the role of coronary artery disease in cardiovascular health question 341,Coronary artery disease occurs when coronary arteries become narrowed or blocked due to plaque buildup.
Explain the role of myocardial infarction in cardiovascular health question 342,Myocardial infarction is another term for heart attack caused by interruption of blood supply to heart muscle.
Explain the role of arrhythmia in cardiovascular health question 343,"Arrhythmia refers to an abnormal heart rhythm where the heart may beat too fast, too slow, or irregularly."
Explain the role of angioplasty in cardiovascular health question 344,Angioplasty is a medical procedure used to open blocked coronary arteries using a balloon catheter.
Explain the role of stent in cardiovascular health question 345,A stent is a small mesh tube inserted into an artery to keep it open and improve blood flow.
Explain the role of echocardiography in cardiovascular health question 346,Echocardiography is an ultrasound imaging technique used to visualize heart structure and function.
Explain the role of electrocardiogram in cardiovascular health question 347,An electrocardiogram records the electrical activity of the heart and helps detect abnormalities.
Explain the role of metabolic syndrome in cardiovascular health question 348,"Metabolic syndrome is a cluster of conditions including obesity, hypertension, and insulin resistance that increase cardiovascular risk."
Explain the role of renin angiotensin aldosterone system in cardiovascular health question 349,The renin angiotensin aldosterone system regulates blood pressure and fluid balance in the body.
Explain the role of atherosclerosis in cardiovascular health question 350,Atherosclerosis is the buildup of fatty plaques inside artery walls that restrict blood flow and increase cardiovascular risk.
Explain the role of coronary artery disease in cardiovascular health question 351,Coronary artery disease occurs when coronary arteries become narrowed or blocked due to plaque buildup.
Explain the role of myocardial infarction in cardiovascular health question 352,Myocardial infarction is another term for heart attack caused by interruption of blood supply to heart muscle.
Explain the role of arrhythmia in cardiovascular health question 353,"Arrhythmia refers to an abnormal heart rhythm where the heart may beat too fast, too slow, or irregularly."
Explain the role of angioplasty in cardiovascular health question 354,Angioplasty is a medical procedure used to open blocked coronary arteries using a balloon catheter.
Explain the role of stent in cardiovascular health question 355,A stent is a small mesh tube inserted into an artery to keep it open and improve blood flow.
Explain the role of echocardiography in cardiovascular health question 356,Echocardiography is an ultrasound imaging technique used to visualize heart structure and function.
Explain the role of electrocardiogram in cardiovascular health question 357,An electrocardiogram records the electrical activity of the heart and helps detect abnormalities.
Explain the role of metabolic syndrome in cardiovascular health question 358,"Metabolic syndrome is a cluster of conditions including obesity, hypertension, and insulin resistance that increase cardiovascular risk."
Explain the role of renin angiotensin aldosterone system in cardiovascular health question 359,The renin angiotensin aldosterone system regulates blood pressure and fluid balance in the body.
Explain the role of atherosclerosis in cardiovascular health question 360,Atherosclerosis is the buildup of fatty plaques inside artery walls that restrict blood flow and increase cardiovascular risk.
Explain the role of coronary artery disease in cardiovascular health question 361,Coronary artery disease occurs when coronary arteries become narrowed or blocked due to plaque buildup.
Explain the role of myocardial infarction in cardiovascular health question 362,Myocardial infarction is another term for heart attack caused by interruption of blood supply to heart muscle.
Explain the role of arrhythmia in cardiovascular health question 363,"Arrhythmia refers to an abnormal heart rhythm where the heart may beat too fast, too slow, or irregularly."
Explain the role of angioplasty in cardiovascular health question 364,Angioplasty is a medical procedure used to open blocked coronary arteries using a balloon catheter.
Explain the role of stent in cardiovascular health question 365,A stent is a small mesh tube inserted into an artery to keep it open and improve blood flow.
Explain the role of echocardiography in cardiovascular health question 366,Echocardiography is an ultrasound imaging technique used to visualize heart structure and function.
Explain the role of electrocardiogram in cardiovascular health question 367,An electrocardiogram records the electrical activity of the heart and helps detect abnormalities.
Explain the role of metabolic syndrome in cardiovascular health question 368,"Metabolic syndrome is a cluster of conditions including obesity, hypertension, and insulin resistance that increase cardiovascular risk."
Explain the role of renin angiotensin aldosterone system in cardiovascular health question 369,The renin angiotensin aldosterone system regulates blood pressure and fluid balance in the body.
Explain the role of atherosclerosis in cardiovascular health question 370,Atherosclerosis is the buildup of fatty plaques inside artery walls that restrict blood flow and increase cardiovascular risk.
Explain the role of coronary artery disease in cardiovascular health question 371,Coronary artery disease occurs when coronary arteries become narrowed or blocked due to plaque buildup.
Explain the role of myocardial infarction in cardiovascular health question 372,Myocardial infarction is another term for heart attack caused by interruption of blood supply to heart muscle.
Explain the role of arrhythmia in cardiovascular health question 373,"Arrhythmia refers to an abnormal heart rhythm where the heart may beat too fast, too slow, or irregularly."
Explain the role of angioplasty in cardiovascular health question 374,Angioplasty is a medical procedure used to open blocked coronary arteries using a balloon catheter.
Explain the role of stent in cardiovascular health question 375,A stent is a small mesh tube inserted into an artery to keep it open and improve blood flow.
Explain the role of echocardiography in cardiovascular health question 376,Echocardiography is an ultrasound imaging technique used to visualize heart structure and function.
Explain the role of electrocardiogram in cardiovascular health question 377,An electrocardiogram records the electrical activity of the heart and helps detect abnormalities.
Explain the role of metabolic syndrome in cardiovascular health question 378,"Metabolic syndrome is a cluster of conditions including obesity, hypertension, and insulin resistance that increase cardiovascular risk."
Explain the role of renin angiotensin aldosterone system in cardiovascular health question 379,The renin angiotensin aldosterone system regulates blood pressure and fluid balance in the body.
Explain the role of atherosclerosis in cardiovascular health question 380,Atherosclerosis is the buildup of fatty plaques inside artery walls that restrict blood flow and increase cardiovascular risk.
Explain the role of coronary artery disease in cardiovascular health question 381,Coronary artery disease occurs when coronary arteries become narrowed or blocked due to plaque buildup.
Explain the role of myocardial infarction in cardiovascular health question 382,Myocardial infarction is another term for heart attack caused by interruption of blood supply to heart muscle.
Explain the role of arrhythmia in cardiovascular health question 383,"Arrhythmia refers to an abnormal heart rhythm where the heart may beat too fast, too slow, or irregularly."
Explain the role of angioplasty in cardiovascular health question 384,Angioplasty is a medical procedure used to open blocked coronary arteries using a balloon catheter.
Explain the role of stent in cardiovascular health question 385,A stent is a small mesh tube inserted into an artery to keep it open and improve blood flow.
Explain the role of echocardiography in cardiovascular health question 386,Echocardiography is an ultrasound imaging technique used to visualize heart structure and function.
Explain the role of electrocardiogram in cardiovascular health question 387,An electrocardiogram records the electrical activity of the heart and helps detect abnormalities.
Explain the role of metabolic syndrome in cardiovascular health question 388,"Metabolic syndrome is a cluster of conditions including obesity, hypertension, and insulin resistance that increase cardiovascular risk."
Explain the role of renin angiotensin aldosterone system in cardiovascular health question 389,The renin angiotensin aldosterone system regulates blood pressure and fluid balance in the body.
Explain the role of atherosclerosis in cardiovascular health question 390,Atherosclerosis is the buildup of fatty plaques inside artery walls that restrict blood flow and increase cardiovascular risk.
Explain the role of coronary artery disease in cardiovascular health question 391,Coronary artery disease occurs when coronary arteries become narrowed or blocked due to plaque buildup.
Explain the role of myocardial infarction in cardiovascular health question 392,Myocardial infarction is another term for heart attack caused by interruption of blood supply to heart muscle.
Explain the role of arrhythmia in cardiovascular health question 393,"Arrhythmia refers to an abnormal heart rhythm where the heart may beat too fast, too slow, or irregularly."
Explain the role of angioplasty in cardiovascular health question 394,Angioplasty is a medical procedure used to open blocked coronary arteries using a balloon catheter.
Explain the role of stent in cardiovascular health question 395,A stent is a small mesh tube inserted into an artery to keep it open and improve blood flow.
Explain the role of echocardiography in cardiovascular health question 396,Echocardiography is an ultrasound imaging technique used to visualize heart structure and function.
Explain the role of electrocardiogram in cardiovascular health question 397,An electrocardiogram records the electrical activity of the heart and helps detect abnormalities.
Explain the role of metabolic syndrome in cardiovascular health question 398,"Metabolic syndrome is a cluster of conditions including obesity, hypertension, and insulin resistance that increase cardiovascular risk."
Explain the role of renin angiotensin aldosterone system in cardiovascular health question 399,The renin angiotensin aldosterone system regulates blood pressure and fluid balance in the body.
Explain the role of atherosclerosis in cardiovascular health question 400,Atherosclerosis is the buildup of fatty plaques inside artery walls that restrict blood flow and increase cardiovascular risk.
Explain the role of coronary artery disease in cardiovascular health question 401,Coronary artery disease occurs when coronary arteries become narrowed or blocked due to plaque buildup.
Explain the role of myocardial infarction in cardiovascular health question 402,Myocardial infarction is another term for heart attack caused by interruption of blood supply to heart muscle.
Explain the role of arrhythmia in cardiovascular health question 403,"Arrhythmia refers to an abnormal heart rhythm where the heart may beat too fast, too slow, or irregularly."
Explain the role of angioplasty in cardiovascular health question 404,Angioplasty is a medical procedure used to open blocked coronary arteries using a balloon catheter.
Explain the role of stent in cardiovascular health question 405,A stent is a small mesh tube inserted into an artery to keep it open and improve blood flow.
Explain the role of echocardiography in cardiovascular health question 406,Echocardiography is an ultrasound imaging technique used to visualize heart structure and function.
Explain the role of electrocardiogram in cardiovascular health question 407,An electrocardiogram records the electrical activity of the heart and helps detect abnormalities.
Explain the role of metabolic syndrome in cardiovascular health question 408,"Metabolic syndrome is a cluster of conditions including obesity, hypertension, and insulin resistance that increase cardiovascular risk."
Explain the role of renin angiotensin aldosterone system in cardiovascular health question 409,The renin angiotensin aldosterone system regulates blood pressure and fluid balance in the body.
Explain the role of atherosclerosis in cardiovascular health question 410,Atherosclerosis is the buildup of fatty plaques inside artery walls that restrict blood flow and increase cardiovascular risk.
Explain the role of coronary artery disease in cardiovascular health question 411,Coronary artery disease occurs when coronary arteries become narrowed or blocked due to plaque buildup.
Explain the role of myocardial infarction in cardiovascular health question 412,Myocardial infarction is another term for heart attack caused by interruption of blood supply to heart muscle.
Explain the role of arrhythmia in cardiovascular health question 413,"Arrhythmia refers to an abnormal heart rhythm where the heart may beat too fast, too slow, or irregularly."
Explain the role of angioplasty in cardiovascular health question 414,Angioplasty is a medical procedure used to open blocked coronary arteries using a balloon catheter.
Explain the role of stent in cardiovascular health question 415,A stent is a small mesh tube inserted into an artery to keep it open and improve blood flow.
Explain the role of echocardiography in cardiovascular health question 416,Echocardiography is an ultrasound imaging technique used to visualize heart structure and function.
Explain the role of electrocardiogram in cardiovascular health question 417,An electrocardiogram records the electrical activity of the heart and helps detect abnormalities.
Explain the role of metabolic syndrome in cardiovascular health question 418,"Metabolic syndrome is a cluster of conditions including obesity, hypertension, and insulin resistance that increase cardiovascular risk."
Explain the role of renin angiotensin aldosterone system in cardiovascular health question 419,The renin angiotensin aldosterone system regulates blood pressure and fluid balance in the body.
Explain the role of atherosclerosis in cardiovascular health question 420,Atherosclerosis is the buildup of fatty plaques inside artery walls that restrict blood flow and increase cardiovascular risk.
Explain the role of coronary artery disease in cardiovascular health question 421,Coronary artery disease occurs when coronary arteries become narrowed or blocked due to plaque buildup.
Explain the role of myocardial infarction in cardiovascular health question 422,Myocardial infarction is another term for heart attack caused by interruption of blood supply to heart muscle.
Explain the role of arrhythmia in cardiovascular health question 423,"Arrhythmia refers to an abnormal heart rhythm where the heart may beat too fast, too slow, or irregularly."
Explain the role of angioplasty in cardiovascular health question 424,Angioplasty is a medical procedure used to open blocked coronary arteries using a balloon catheter.
Explain the role of stent in cardiovascular health question 425,A stent is a small mesh tube inserted into an artery to keep it open and improve blood flow.
Explain the role of echocardiography in cardiovascular health question 426,Echocardiography is an ultrasound imaging technique used to visualize heart structure and function.
Explain the role of electrocardiogram in cardiovascular health question 427,An electrocardiogram records the electrical activity of the heart and helps detect abnormalities.
Explain the role of metabolic syndrome in cardiovascular health question 428,"Metabolic syndrome is a cluster of conditions including obesity, hypertension, and insulin resistance that increase cardiovascular risk."
Explain the role of renin angiotensin aldosterone system in cardiovascular health question 429,The renin angiotensin aldosterone system regulates blood pressure and fluid balance in the body.
Explain the role of atherosclerosis in cardiovascular health question 430,Atherosclerosis is the buildup of fatty plaques inside artery walls that restrict blood flow and increase cardiovascular risk.
Explain the role of coronary artery disease in cardiovascular health question 431,Coronary artery disease occurs when coronary arteries become narrowed or blocked due to plaque buildup.
Explain the role of myocardial infarction in cardiovascular health question 432,Myocardial infarction is another term for heart attack caused by interruption of blood supply to heart muscle.
Explain the role of arrhythmia in cardiovascular health question 433,"Arrhythmia refers to an abnormal heart rhythm where the heart may beat too fast, too slow, or irregularly."
Explain the role of angioplasty in cardiovascular health question 434,Angioplasty is a medical procedure used to open blocked coronary arteries using a balloon catheter.
Explain the role of stent in cardiovascular health question 435,A stent is a small mesh tube inserted into an artery to keep it open and improve blood flow.
Explain the role of echocardiography in cardiovascular health question 436,Echocardiography is an ultrasound imaging technique used to visualize heart structure and function.
Explain the role of electrocardiogram in cardiovascular health question 437,An electrocardiogram records the electrical activity of the heart and helps detect abnormalities.
Explain the role of metabolic syndrome in cardiovascular health question 438,"Metabolic syndrome is a cluster of conditions including obesity, hypertension, and insulin resistance that increase cardiovascular risk."
Explain the role of renin angiotensin aldosterone system in cardiovascular health question 439,The renin angiotensin aldosterone system regulates blood pressure and fluid balance in the body.
Explain the role of atherosclerosis in cardiovascular health question 440,Atherosclerosis is the buildup of fatty plaques inside artery walls that restrict blood flow and increase cardiovascular risk.
Explain the role of coronary artery disease in cardiovascular health question 441,Coronary artery disease occurs when coronary arteries become narrowed or blocked due to plaque buildup.
Explain the role of myocardial infarction in cardiovascular health question 442,Myocardial infarction is another term for heart attack caused by interruption of blood supply to heart muscle.
Explain the role of arrhythmia in cardiovascular health question 443,"Arrhythmia refers to an abnormal heart rhythm where the heart may beat too fast, too slow, or irregularly."
Explain the role of angioplasty in cardiovascular health question 444,Angioplasty is a medical procedure used to open blocked coronary arteries using a balloon catheter.
Explain the role of stent in cardiovascular health question 445,A stent is a small mesh tube inserted into an artery to keep it open and improve blood flow.
Explain the role of echocardiography in cardiovascular health question 446,Echocardiography is an ultrasound imaging technique used to visualize heart structure and function.
Explain the role of electrocardiogram in cardiovascular health question 447,An electrocardiogram records the electrical activity of the heart and helps detect abnormalities.
Explain the role of metabolic syndrome in cardiovascular health question 448,"Metabolic syndrome is a cluster of conditions including obesity, hypertension, and insulin resistance that increase cardiovascular risk."
Explain the role of renin angiotensin aldosterone system in cardiovascular health question 449,The renin angiotensin aldosterone system regulates blood pressure and fluid balance in the body.
Explain the role of atherosclerosis in cardiovascular health question 450,Atherosclerosis is the buildup of fatty plaques inside artery walls that restrict blood flow and increase cardiovascular risk.
Explain the role of coronary artery disease in cardiovascular health question 451,Coronary artery disease occurs when coronary arteries become narrowed or blocked due to plaque buildup.
Explain the role of myocardial infarction in cardiovascular health question 452,Myocardial infarction is another term for heart attack caused by interruption of blood supply to heart muscle.
Explain the role of arrhythmia in cardiovascular health question 453,"Arrhythmia refers to an abnormal heart rhythm where the heart may beat too fast, too slow, or irregularly."
Explain the role of angioplasty in cardiovascular health question 454,Angioplasty is a medical procedure used to open blocked coronary arteries using a balloon catheter.
Explain the role of stent in cardiovascular health question 455,A stent is a small mesh tube inserted into an artery to keep it open and improve blood flow.
Explain the role of echocardiography in cardiovascular health question 456,Echocardiography is an ultrasound imaging technique used to visualize heart structure and function.
Explain the role of electrocardiogram in cardiovascular health question 457,An electrocardiogram records the electrical activity of the heart and helps detect abnormalities.
Explain the role of metabolic syndrome in cardiovascular health question 458,"Metabolic syndrome is a cluster of conditions including obesity, hypertension, and insulin resistance that increase cardiovascular risk."
Explain the role of renin angiotensin aldosterone system in cardiovascular health question 459,The renin angiotensin aldosterone system regulates blood pressure and fluid balance in the body.
Explain the role of atherosclerosis in cardiovascular health question 460,Atherosclerosis is the buildup of fatty plaques inside artery walls that restrict blood flow and increase cardiovascular risk.
Explain the role of coronary artery disease in cardiovascular health question 461,Coronary artery disease occurs when coronary arteries become narrowed or blocked due to plaque buildup.
Explain the role of myocardial infarction in cardiovascular health question 462,Myocardial infarction is another term for heart attack caused by interruption of blood supply to heart muscle.
Explain the role of arrhythmia in cardiovascular health question 463,"Arrhythmia refers to an abnormal heart rhythm where the heart may beat too fast, too slow, or irregularly."
Explain the role of angioplasty in cardiovascular health question 464,Angioplasty is a medical procedure used to open blocked coronary arteries using a balloon catheter.
Explain the role of stent in cardiovascular health question 465,A stent is a small mesh tube inserted into an artery to keep it open and improve blood flow.
Explain the role of echocardiography in cardiovascular health question 466,Echocardiography is an ultrasound imaging technique used to visualize heart structure and function.
Explain the role of electrocardiogram in cardiovascular health question 467,An electrocardiogram records the electrical activity of the heart and helps detect abnormalities.
Explain the role of metabolic syndrome in cardiovascular health question 468,"Metabolic syndrome is a cluster of conditions including obesity, hypertension, and insulin resistance that increase cardiovascular risk."
Explain the role of renin angiotensin aldosterone system in cardiovascular health question 469,The renin angiotensin aldosterone system regulates blood pressure and fluid balance in the body.
Explain the role of atherosclerosis in cardiovascular health question 470,Atherosclerosis is the buildup of fatty plaques inside artery walls that restrict blood flow and increase cardiovascular risk.
Explain the role of coronary artery disease in cardiovascular health question 471,Coronary artery disease occurs when coronary arteries become narrowed or blocked due to plaque buildup.
Explain the role of myocardial infarction in cardiovascular health question 472,Myocardial infarction is another term for heart attack caused by interruption of blood supply to heart muscle.
Explain the role of arrhythmia in cardiovascular health question 473,"Arrhythmia refers to an abnormal heart rhythm where the heart may beat too fast, too slow, or irregularly."
Explain the role of angioplasty in cardiovascular health question 474,Angioplasty is a medical procedure used to open blocked coronary arteries using a balloon catheter.
Explain the role of stent in cardiovascular health question 475,A stent is a small mesh tube inserted into an artery to keep it open and improve blood flow.
Explain the role of echocardiography in cardiovascular health question 476,Echocardiography is an ultrasound imaging technique used to visualize heart structure and function.
Explain the role of electrocardiogram in cardiovascular health question 477,An electrocardiogram records the electrical activity of the heart and helps detect abnormalities.
Explain the role of metabolic syndrome in cardiovascular health question 478,"Metabolic syndrome is a cluster of conditions including obesity, hypertension, and insulin resistance that increase cardiovascular risk."
Explain the role of renin angiotensin aldosterone system in cardiovascular health question 479,The renin angiotensin aldosterone system regulates blood pressure and fluid balance in the body.
Explain the role of atherosclerosis in cardiovascular health question 480,Atherosclerosis is the buildup of fatty plaques inside artery walls that restrict blood flow and increase cardiovascular risk.
Explain the role of coronary artery disease in cardiovascular health question 481,Coronary artery disease occurs when coronary arteries become narrowed or blocked due to plaque buildup.
Explain the role of myocardial infarction in cardiovascular health question 482,Myocardial infarction is another term for heart attack caused by interruption of blood supply to heart muscle.
Explain the role of arrhythmia in cardiovascular health question 483,"Arrhythmia refers to an abnormal heart rhythm where the heart may beat too fast, too slow, or irregularly."
Explain the role of angioplasty in cardiovascular health question 484,Angioplasty is a medical procedure used to open blocked coronary arteries using a balloon catheter.
Explain the role of stent in cardiovascular health question 485,A stent is a small mesh tube inserted into an artery to keep it open and improve blood flow.
Explain the role of echocardiography in cardiovascular health question 486,Echocardiography is an ultrasound imaging technique used to visualize heart structure and function.
Explain the role of electrocardiogram in cardiovascular health question 487,An electrocardiogram records the electrical activity of the heart and helps detect abnormalities.
Explain the role of metabolic syndrome in cardiovascular health question 488,"Metabolic syndrome is a cluster of conditions including obesity, hypertension, and insulin resistance that increase cardiovascular risk."
Explain the role of renin angiotensin aldosterone system in cardiovascular health question 489,The renin angiotensin aldosterone system regulates blood pressure and fluid balance in the body.
Explain the role of atherosclerosis in cardiovascular health question 490,Atherosclerosis is the buildup of fatty plaques inside artery walls that restrict blood flow and increase cardiovascular risk.
Explain the role of coronary artery disease in cardiovascular health question 491,Coronary artery disease occurs when coronary arteries become narrowed or blocked due to plaque buildup.
Explain the role of myocardial infarction in cardiovascular health question 492,Myocardial infarction is another term for heart attack caused by interruption of blood supply to heart muscle.
Explain the role of arrhythmia in cardiovascular health question 493,"Arrhythmia refers to an abnormal heart rhythm where the heart may beat too fast, too slow, or irregularly."
Explain the role of angioplasty in cardiovascular health question 494,Angioplasty is a medical procedure used to open blocked coronary arteries using a balloon catheter.
Explain the role of stent in cardiovascular health question 495,A stent is a small mesh tube inserted into an artery to keep it open and improve blood flow.
Explain the role of echocardiography in cardiovascular health question 496,Echocardiography is an ultrasound imaging technique used to visualize heart structure and function.
Explain the role of electrocardiogram in cardiovascular health question 497,An electrocardiogram records the electrical activity of the heart and helps detect abnormalities.
Explain the role of metabolic syndrome in cardiovascular health question 498,"Metabolic syndrome is a cluster of conditions including obesity, hypertension, and insulin resistance that increase cardiovascular risk."
Explain the role of renin angiotensin aldosterone system in cardiovascular health question 499,The renin angiotensin aldosterone system regulates blood pressure and fluid balance in the body.
Explain the role of atherosclerosis in cardiovascular health question 500,Atherosclerosis is the buildup of fatty plaques inside artery walls that restrict blood flow and increase cardiovascular risk.
Explain the role of coronary artery disease in cardiovascular health question 501,Coronary artery disease occurs when coronary arteries become narrowed or blocked due to plaque buildup.
Explain the role of myocardial infarction in cardiovascular health question 502,Myocardial infarction is another term for heart attack caused by interruption of blood supply to heart muscle.
Explain the role of arrhythmia in cardiovascular health question 503,"Arrhythmia refers to an abnormal heart rhythm where the heart may beat too fast, too slow, or irregularly."
Explain the role of angioplasty in cardiovascular health question 504,Angioplasty is a medical procedure used to open blocked coronary arteries using a balloon catheter.
Explain the role of stent in cardiovascular health question 505,A stent is a small mesh tube inserted into an artery to keep it open and improve blood flow.
Explain the role of echocardiography in cardiovascular health question 506,Echocardiography is an ultrasound imaging technique used to visualize heart structure and function.
Explain the role of electrocardiogram in cardiovascular health question 507,An electrocardiogram records the electrical activity of the heart and helps detect abnormalities.
Explain the role of metabolic syndrome in cardiovascular health question 508,"Metabolic syndrome is a cluster of conditions including obesity, hypertension, and insulin resistance that increase cardiovascular risk."
Explain the role of renin angiotensin aldosterone system in cardiovascular health question 509,The renin angiotensin aldosterone system regulates blood pressure and fluid balance in the body.
Explain the role of atherosclerosis in cardiovascular health question 510,Atherosclerosis is the buildup of fatty plaques inside artery walls that restrict blood flow and increase cardiovascular risk.
